{"acc": [0.61912992838202863, 0.75157361286645352, 0.80472331672985897, 0.83848164944365966, 0.86173270884444775, 0.87941416995018962, 0.8927465120313236, 0.90365648155031841, 0.91094838054171934, 0.91704458156766533, 0.92211855376304119, 0.92588531212053626, 0.92961489852055612, 0.93251431120362793, 0.93467648006344017, 0.9364483433697619, 0.93830074591727997, 0.94027705498971581, 0.94194979307610338, 0.94354199192129462], "loss": [1.1071776988482507, 0.76003442590388448, 0.61213587220975418, 0.51146089276324957, 0.44132994587907731, 0.38641801683232974, 0.34378752435204635, 0.31077399344249951, 0.28735846135928439, 0.26864805995259966, 0.25163128897424014, 0.24045018188196929, 0.23018583776293358, 0.2188170755108626, 0.21231220900994696, 0.2063758604719072, 0.20061972183517768, 0.19512502393958012, 0.19069560283240494, 0.1874333497126584], "val_acc": [0.73433695753293571, 0.80050181209924731, 0.83681813957810613, 0.85276461295418637, 0.87042096459436857, 0.87601524021931043, 0.87872874268190693, 0.88361676424124147, 0.88579128333797974, 0.88869064213363069, 0.88945265309915433, 0.893931790725769, 0.88937831056593253, 0.89263079639438714, 0.89592045348945271, 0.89603196728928536, 0.89540005575689996, 0.89697983458786357, 0.89402471889229629, 0.895362884490289], "val_loss": [0.80025131786836701, 0.63924169701616429, 0.54179747196584427, 0.50675117161238148, 0.46173489032502418, 0.44489503051835, 0.46203581787995118, 0.43496490871798066, 0.45291249708038583, 0.44948977050893774, 0.45769636546213227, 0.45382889998323256, 0.50278449230227629, 0.4753849672184835, 0.45621394920451486, 0.46790860789744831, 0.49382733808966778, 0.47412881775812904, 0.50806285779855787, 0.51340111282266987]}