{"acc": [0.60530815552747008, 0.72599930612346042, 0.78202983669120019, 0.81638911605085118, 0.84252719748221938, 0.86005997075806007, 0.87444551830099371, 0.88498376824523584, 0.89240576908780012, 0.89877456446856496, 0.90545932148786956, 0.90927564245533166, 0.91234852427328827, 0.91638787698560209, 0.91995018957698316, 0.92349391618962651, 0.9248073253537531, 0.92788020717170971, 0.92998042276906301, 0.93027779842886527, 0.93421802592124503, 0.93400738482888512, 0.93568012291527269, 0.93753252546279087, 0.93832552722226348, 0.94034520357842044, 0.94079746239436968, 0.94087180630932021, 0.9423586846083315, 0.94249498178574087, 0.94333754615518051, 0.94362872648873686, 0.94414913389339084, 0.94513419076648575, 0.94673878026416869, 0.94619359155453131, 0.94783535300968946, 0.94763710256982137, 0.94848586226550691, 0.94833717443560583, 0.94922310608876659, 0.94873367531534214, 0.94929125467747133, 0.94909300423760312, 0.94991698262830526, 0.95099496939508832, 0.95082150026020373, 0.95044978068545094, 0.95201719822565856, 0.95063564047282734], "loss": [1.1425555044516451, 0.8302850963085453, 0.68016471251695065, 0.57852140931253837, 0.50445914597439567, 0.4516272359553658, 0.40519717461179011, 0.37050176765018716, 0.34499445884509228, 0.32344754483771704, 0.30319747122779311, 0.28877154870851329, 0.27911933115619453, 0.2665207428671249, 0.25783794923504944, 0.24444395301990626, 0.24187412525370725, 0.23192886515546754, 0.22750843105149429, 0.22480167236411847, 0.21358033868267737, 0.21452640457263866, 0.20670383639719142, 0.20286628455691713, 0.19937403323735114, 0.19528653064969184, 0.19297901121799091, 0.19270854753572531, 0.18820375668554387, 0.18696341411184356, 0.18564348911522985, 0.18301083241689695, 0.18119691116895278, 0.17793074456698696, 0.17602691730200998, 0.17504411174684961, 0.17162047801764788, 0.17180322910612233, 0.16891671717554635, 0.17062225056930749, 0.16952604513484371, 0.16576383276332596, 0.16628616646257524, 0.16486669391149206, 0.16374727741490908, 0.16196407788366826, 0.16058024758965045, 0.16131792664734684, 0.15611862497057058, 0.1592668639447733], "val_acc": [0.71967289285714742, 0.79260291794553672, 0.82878914599125741, 0.84507016076683583, 0.85873060124634526, 0.86360003717237444, 0.87068116346175273, 0.88027135024736747, 0.88423009014253706, 0.88495492984034207, 0.88846761453507306, 0.89132980206411305, 0.89179444289674947, 0.8923334262626077, 0.88960133816670584, 0.89253786822896763, 0.89647802248972408, 0.89276089582863316, 0.8968683207891387, 0.89673822135600045, 0.89707276275549863, 0.897332961621775, 0.8981321438539096, 0.89640367995650228, 0.89707276275549863, 0.89831800018696417, 0.89796487315416051, 0.89831800018696417, 0.89852244215332411, 0.8986897128530732, 0.89751881795482957, 0.89766750302127318, 0.89863395595315687, 0.89878264101960048, 0.89993495028453874, 0.89909859678579318, 0.89974909395148417, 0.89818790075382593, 0.89841092835349134, 0.89921011058562594, 0.89971192268487321, 0.89928445311884775, 0.8994888950852078, 0.89926586748554227, 0.89800204442077136, 0.89999070718445506, 0.89934021001876419, 0.89937738128537503, 0.8992472818522369, 0.89963758015165141], "val_loss": [0.84209135782651079, 0.65507691252487499, 0.56369526713779117, 0.51291955782100729, 0.48251226860488083, 0.48130596218394056, 0.46419330399703962, 0.4341721398155105, 0.43154878250706896, 0.44115124659133481, 0.46181828655969276, 0.43222169487181233, 0.448750062246281, 0.424320896868147, 0.47138361792124156, 0.46301376091072455, 0.45757938391900221, 0.46487182258767562, 0.46886063076915069, 0.47591033768126562, 0.46528929304084021, 0.45541761492904087, 0.46369769675405303, 0.51921050620982168, 0.48775307762529779, 0.48214892844760654, 0.4742020666427566, 0.47597793684541023, 0.48869133307240664, 0.47145212787437946, 0.51303250032744763, 0.50295217526317937, 0.4910819233793185, 0.4755164411547968, 0.48825640449785584, 0.5197296154812282, 0.49626134938355571, 0.48501519924335218, 0.5149278196318311, 0.49490665832454639, 0.5012282163036289, 0.47404915932058767, 0.50441678646214883, 0.51896080497627017, 0.54858844152833219, 0.52741721908076966, 0.51331572201369191, 0.51607493931369963, 0.51351246873750944, 0.51800324091515226]}